{
  "project_info": {
    "project_number": "529123247569",
    "firebase_url": "https://login-bda9c.firebaseio.com",
    "project_id": "login-bda9c",
    "storage_bucket": "login-bda9c.appspot.com"
  },
  "client": [
    {
      "client_info": {
        "mobilesdk_app_id": "1:529123247569:android:a62a93db48fd89d1074cf0",
        "android_client_info": {
          "package_name": "com.example.pointtopoint"
        }
      },
      "oauth_client": [
        {
          "client_id": "529123247569-v5137juaep4t6ef1barb5dqb1582gpuv.apps.googleusercontent.com",
          "client_type": 3
        }
      ],
      "api_key": [
        {
          "current_key": "AIzaSyAmHVCTjJ8zyxMp6qyFhWm3zwUV0FjE1AI"
        }
      ],
      "services": {
        "appinvite_service": {
          "other_platform_oauth_client": [
            {
              "client_id": "529123247569-v5137juaep4t6ef1barb5dqb1582gpuv.apps.googleusercontent.com",
              "client_type": 3
            }
          ]
        }
      }
    }
  ],
  "configuration_version": "1"
}